DATAFLOW,FREQ,GEO_PICT,VISITOR_DURATION_CAT,TIME_PERIOD,OBS_VALUE,OBS_STATUS,UNIT_MEASURE,ERROR_TYPE,ERROR_VAL,REPORTING_TYPE,OBS_COMMENT
SPC:DF_TOURISM_ARRIVALS(1.0),A,FJ,EXCR,1995,158000,,N,,,,
SPC:DF_TOURISM_ARRIVALS(1.0),A,FJ,EXCR,1996,194000,,N,,,,
SPC:DF_TOURISM_ARRIVALS(1.0),A,FJ,EXCR,1997,188000,,N,,,,
SPC:DF_TOURISM_ARRIVALS(1.0),A,FJ,EXCR,1998,128000,,N,,,,
SPC:DF_TOURISM_ARRIVALS(1.0),A,FJ,EXCR,1999,134000,,N,,,,
SPC:DF_TOURISM_ARRIVALS(1.0),A,FJ,EXCR,2000,140000,,N,,,,
SPC:DF_TOURISM_ARRIVALS(1.0),A,FJ,EXCR,2001,98000,,N,,,,
SPC:DF_TOURISM_ARRIVALS(1.0),A,FJ,EXCR,2002,63000,,N,,,,
SPC:DF_TOURISM_ARRIVALS(1.0),A,FJ,EXCR,2003,20000,,N,,,,
SPC:DF_TOURISM_ARRIVALS(1.0),A,FJ,EXCR,2004,9000,,N,,,,
SPC:DF_TOURISM_ARRIVALS(1.0),A,FJ,EXCR,2005,2000,,N,,,,
SPC:DF_TOURISM_ARRIVALS(1.0),A,FJ,EXCR,2007,2000,,N,,,,
SPC:DF_TOURISM_ARRIVALS(1.0),A,FJ,EXCR,2008,42000,,N,,,,
SPC:DF_TOURISM_ARRIVALS(1.0),A,FJ,EXCR,2009,63000,,N,,,,
SPC:DF_TOURISM_ARRIVALS(1.0),A,FJ,EXCR,2010,60000,,N,,,,
SPC:DF_TOURISM_ARRIVALS(1.0),A,FJ,EXCR,2011,59000,,N,,,,
SPC:DF_TOURISM_ARRIVALS(1.0),A,FJ,EXCR,2012,80000,,N,,,,
SPC:DF_TOURISM_ARRIVALS(1.0),A,FJ,EXCR,2013,109500,,N,,,,
SPC:DF_TOURISM_ARRIVALS(1.0),A,FJ,EXCR,2014,87600,,N,,,,
SPC:DF_TOURISM_ARRIVALS(1.0),A,FJ,EXCR,2015,114000,,N,,,,
SPC:DF_TOURISM_ARRIVALS(1.0),A,FJ,EXCR,2016,171000,,N,,,,
SPC:DF_TOURISM_ARRIVALS(1.0),A,FJ,EXCR,2017,184000,,N,,,,
SPC:DF_TOURISM_ARRIVALS(1.0),A,FJ,EXCR,2018,188000,,N,,,,
SPC:DF_TOURISM_ARRIVALS(1.0),A,FJ,EXCR,2019,75000,,N,,,,
SPC:DF_TOURISM_ARRIVALS(1.0),A,FJ,EXCR,2020,21300,,N,,,,
SPC:DF_TOURISM_ARRIVALS(1.0),A,FJ,EXCR,2022,15900,,N,,,,
SPC:DF_TOURISM_ARRIVALS(1.0),A,NC,EXCR,1995,36000,,N,,,,
SPC:DF_TOURISM_ARRIVALS(1.0),A,NC,EXCR,1996,47000,,N,,,,
SPC:DF_TOURISM_ARRIVALS(1.0),A,NC,EXCR,1997,34000,,N,,,,
SPC:DF_TOURISM_ARRIVALS(1.0),A,NC,EXCR,1998,23000,,N,,,,
SPC:DF_TOURISM_ARRIVALS(1.0),A,NC,EXCR,1999,51000,,N,,,,
SPC:DF_TOURISM_ARRIVALS(1.0),A,NC,EXCR,2000,51000,,N,,,,
SPC:DF_TOURISM_ARRIVALS(1.0),A,NC,EXCR,2001,51000,,N,,,,
SPC:DF_TOURISM_ARRIVALS(1.0),A,NC,EXCR,2002,54000,,N,,,,
SPC:DF_TOURISM_ARRIVALS(1.0),A,NC,EXCR,2003,64000,,N,,,,
SPC:DF_TOURISM_ARRIVALS(1.0),A,NC,EXCR,2004,77000,,N,,,,
SPC:DF_TOURISM_ARRIVALS(1.0),A,NC,EXCR,2005,81000,,N,,,,
SPC:DF_TOURISM_ARRIVALS(1.0),A,NC,EXCR,2006,119000,,N,,,,
SPC:DF_TOURISM_ARRIVALS(1.0),A,NC,EXCR,2007,124000,,N,,,,
SPC:DF_TOURISM_ARRIVALS(1.0),A,NC,EXCR,2008,152000,,N,,,,
SPC:DF_TOURISM_ARRIVALS(1.0),A,NC,EXCR,2009,131000,,N,,,,
SPC:DF_TOURISM_ARRIVALS(1.0),A,NC,EXCR,2010,183000,,N,,,,
SPC:DF_TOURISM_ARRIVALS(1.0),A,NC,EXCR,2011,236000,,N,,,,
SPC:DF_TOURISM_ARRIVALS(1.0),A,NC,EXCR,2012,278000,,N,,,,
SPC:DF_TOURISM_ARRIVALS(1.0),A,NC,EXCR,2013,386000,,N,,,,
SPC:DF_TOURISM_ARRIVALS(1.0),A,NC,EXCR,2014,422000,,N,,,,
SPC:DF_TOURISM_ARRIVALS(1.0),A,NC,EXCR,2015,444000,,N,,,,
SPC:DF_TOURISM_ARRIVALS(1.0),A,NC,EXCR,2016,509000,,N,,,,
SPC:DF_TOURISM_ARRIVALS(1.0),A,NC,EXCR,2017,505000,,N,,,,
SPC:DF_TOURISM_ARRIVALS(1.0),A,NC,EXCR,2018,456000,,N,,,,
SPC:DF_TOURISM_ARRIVALS(1.0),A,NC,EXCR,2019,344000,,N,,,,
SPC:DF_TOURISM_ARRIVALS(1.0),A,NC,EXCR,2020,48000,,N,,,,
SPC:DF_TOURISM_ARRIVALS(1.0),A,NC,EXCR,2022,60000,,N,,,,
SPC:DF_TOURISM_ARRIVALS(1.0),A,PG,EXCR,2008,6000,,N,,,,
SPC:DF_TOURISM_ARRIVALS(1.0),A,PG,EXCR,2009,5000,,N,,,,
SPC:DF_TOURISM_ARRIVALS(1.0),A,PG,EXCR,2010,6000,,N,,,,
SPC:DF_TOURISM_ARRIVALS(1.0),A,PG,EXCR,2011,7000,,N,,,,
SPC:DF_TOURISM_ARRIVALS(1.0),A,PG,EXCR,2012,7000,,N,,,,
SPC:DF_TOURISM_ARRIVALS(1.0),A,PG,EXCR,2013,8000,,N,,,,
SPC:DF_TOURISM_ARRIVALS(1.0),A,PG,EXCR,2014,9000,,N,,,,
SPC:DF_TOURISM_ARRIVALS(1.0),A,PG,EXCR,2015,16000,,N,,,,
SPC:DF_TOURISM_ARRIVALS(1.0),A,PG,EXCR,2016,19000,,N,,,,
SPC:DF_TOURISM_ARRIVALS(1.0),A,PG,EXCR,2017,43000,,N,,,,
SPC:DF_TOURISM_ARRIVALS(1.0),A,PG,EXCR,2018,55000,,N,,,,
SPC:DF_TOURISM_ARRIVALS(1.0),A,PG,EXCR,2019,51000,,N,,,,
SPC:DF_TOURISM_ARRIVALS(1.0),A,PG,EXCR,2022,2600,,N,,,,
SPC:DF_TOURISM_ARRIVALS(1.0),A,SB,EXCR,2005,1200,,N,,,,
SPC:DF_TOURISM_ARRIVALS(1.0),A,SB,EXCR,2006,1200,,N,,,,
SPC:DF_TOURISM_ARRIVALS(1.0),A,SB,EXCR,2007,1400,,N,,,,
SPC:DF_TOURISM_ARRIVALS(1.0),A,VU,EXCR,1995,38000,,N,,,,
SPC:DF_TOURISM_ARRIVALS(1.0),A,VU,EXCR,1996,57000,,N,,,,
SPC:DF_TOURISM_ARRIVALS(1.0),A,VU,EXCR,1997,31000,,N,,,,
SPC:DF_TOURISM_ARRIVALS(1.0),A,VU,EXCR,1998,26000,,N,,,,
SPC:DF_TOURISM_ARRIVALS(1.0),A,VU,EXCR,1999,45000,,N,,,,
SPC:DF_TOURISM_ARRIVALS(1.0),A,VU,EXCR,2000,48000,,N,,,,
SPC:DF_TOURISM_ARRIVALS(1.0),A,VU,EXCR,2001,53000,,N,,,,
SPC:DF_TOURISM_ARRIVALS(1.0),A,VU,EXCR,2002,50000,,N,,,,
SPC:DF_TOURISM_ARRIVALS(1.0),A,VU,EXCR,2003,52000,,N,,,,
SPC:DF_TOURISM_ARRIVALS(1.0),A,VU,EXCR,2004,38000,,N,,,,
SPC:DF_TOURISM_ARRIVALS(1.0),A,VU,EXCR,2005,64000,,N,,,,
SPC:DF_TOURISM_ARRIVALS(1.0),A,VU,EXCR,2006,86000,,N,,,,
SPC:DF_TOURISM_ARRIVALS(1.0),A,VU,EXCR,2007,86000,,N,,,,
SPC:DF_TOURISM_ARRIVALS(1.0),A,VU,EXCR,2008,106100,,N,,,,
SPC:DF_TOURISM_ARRIVALS(1.0),A,VU,EXCR,2009,124800,,N,,,,
SPC:DF_TOURISM_ARRIVALS(1.0),A,VU,EXCR,2010,140500,,N,,,,
SPC:DF_TOURISM_ARRIVALS(1.0),A,VU,EXCR,2011,154900,,N,,,,
SPC:DF_TOURISM_ARRIVALS(1.0),A,VU,EXCR,2012,213000,,N,,,,
SPC:DF_TOURISM_ARRIVALS(1.0),A,VU,EXCR,2013,247000,,N,,,,
SPC:DF_TOURISM_ARRIVALS(1.0),A,VU,EXCR,2014,220000,,N,,,,
SPC:DF_TOURISM_ARRIVALS(1.0),A,VU,EXCR,2015,197000,,N,,,,
SPC:DF_TOURISM_ARRIVALS(1.0),A,VU,EXCR,2016,256480,,N,,,,
SPC:DF_TOURISM_ARRIVALS(1.0),A,VU,EXCR,2017,223600,,N,,,,
SPC:DF_TOURISM_ARRIVALS(1.0),A,VU,EXCR,2018,234600,,N,,,,
SPC:DF_TOURISM_ARRIVALS(1.0),A,VU,EXCR,2019,135400,,N,,,,
SPC:DF_TOURISM_ARRIVALS(1.0),A,VU,EXCR,2020,60400,,N,,,,
SPC:DF_TOURISM_ARRIVALS(1.0),A,VU,EXCR,2022,35000,,N,,,,
SPC:DF_TOURISM_ARRIVALS(1.0),A,GU,TOUR,1995,1362000,,N,,,,
SPC:DF_TOURISM_ARRIVALS(1.0),A,GU,TOUR,1996,1373000,,N,,,,
SPC:DF_TOURISM_ARRIVALS(1.0),A,GU,TOUR,1997,1382000,,N,,,,
SPC:DF_TOURISM_ARRIVALS(1.0),A,GU,TOUR,1998,1137000,,N,,,,
SPC:DF_TOURISM_ARRIVALS(1.0),A,GU,TOUR,1999,1162000,,N,,,,
SPC:DF_TOURISM_ARRIVALS(1.0),A,GU,TOUR,2000,1287000,,N,,,,
SPC:DF_TOURISM_ARRIVALS(1.0),A,GU,TOUR,2001,1159000,,N,,,,
SPC:DF_TOURISM_ARRIVALS(1.0),A,GU,TOUR,2002,1059000,,N,,,,
SPC:DF_TOURISM_ARRIVALS(1.0),A,GU,TOUR,2003,910000,,N,,,,
SPC:DF_TOURISM_ARRIVALS(1.0),A,GU,TOUR,2004,1160000,,N,,,,
SPC:DF_TOURISM_ARRIVALS(1.0),A,GU,TOUR,2005,1228000,,N,,,,
SPC:DF_TOURISM_ARRIVALS(1.0),A,GU,TOUR,2006,1212000,,N,,,,
SPC:DF_TOURISM_ARRIVALS(1.0),A,GU,TOUR,2007,1225000,,N,,,,
SPC:DF_TOURISM_ARRIVALS(1.0),A,GU,TOUR,2008,1142000,,N,,,,
SPC:DF_TOURISM_ARRIVALS(1.0),A,GU,TOUR,2009,1053000,,N,,,,
SPC:DF_TOURISM_ARRIVALS(1.0),A,GU,TOUR,2010,1197000,,N,,,,
SPC:DF_TOURISM_ARRIVALS(1.0),A,GU,TOUR,2011,1160000,,N,,,,
SPC:DF_TOURISM_ARRIVALS(1.0),A,GU,TOUR,2012,1308000,,N,,,,
SPC:DF_TOURISM_ARRIVALS(1.0),A,GU,TOUR,2013,1334000,,N,,,,
SPC:DF_TOURISM_ARRIVALS(1.0),A,GU,TOUR,2014,1343000,,N,,,,
SPC:DF_TOURISM_ARRIVALS(1.0),A,GU,TOUR,2015,1409000,,N,,,,
SPC:DF_TOURISM_ARRIVALS(1.0),A,GU,TOUR,2016,1536000,,N,,,,
SPC:DF_TOURISM_ARRIVALS(1.0),A,GU,TOUR,2017,1545000,,N,,,,
SPC:DF_TOURISM_ARRIVALS(1.0),A,GU,TOUR,2018,1549000,,N,,,,
SPC:DF_TOURISM_ARRIVALS(1.0),A,GU,TOUR,2019,1667000,,N,,,,
SPC:DF_TOURISM_ARRIVALS(1.0),A,GU,TOUR,2020,328173,,N,,,,
SPC:DF_TOURISM_ARRIVALS(1.0),A,GU,TOUR,2021,79389,,N,,,,
SPC:DF_TOURISM_ARRIVALS(1.0),A,GU,TOUR,2022,326878,,N,,,,
SPC:DF_TOURISM_ARRIVALS(1.0),A,GU,TOUR,2023,656518,,N,,,,
SPC:DF_TOURISM_ARRIVALS(1.0),A,GU,TOUR,2024,739146,,N,,,,
SPC:DF_TOURISM_ARRIVALS(1.0),A,KI,EXCR,1999,15200,,N,,,,
SPC:DF_TOURISM_ARRIVALS(1.0),A,KI,EXCR,2000,8600,,N,,,,
SPC:DF_TOURISM_ARRIVALS(1.0),A,KI,EXCR,2001,9900,,N,,,,
SPC:DF_TOURISM_ARRIVALS(1.0),A,KI,EXCR,2002,114600,,N,,,,
SPC:DF_TOURISM_ARRIVALS(1.0),A,KI,EXCR,2003,125200,,N,,,,
SPC:DF_TOURISM_ARRIVALS(1.0),A,KI,EXCR,2004,60500,,N,,,,
SPC:DF_TOURISM_ARRIVALS(1.0),A,KI,EXCR,2005,46100,,N,,,,
SPC:DF_TOURISM_ARRIVALS(1.0),A,KI,EXCR,2006,6400,,N,,,,
SPC:DF_TOURISM_ARRIVALS(1.0),A,KI,EXCR,2007,27600,,N,,,,
SPC:DF_TOURISM_ARRIVALS(1.0),A,KI,EXCR,2014,3300,,N,,,,
SPC:DF_TOURISM_ARRIVALS(1.0),A,KI,EXCR,2015,4300,,N,,,,
SPC:DF_TOURISM_ARRIVALS(1.0),A,KI,EXCR,2016,1900,,N,,,,
SPC:DF_TOURISM_ARRIVALS(1.0),A,KI,EXCR,2017,1700,,N,,,,
SPC:DF_TOURISM_ARRIVALS(1.0),A,KI,EXCR,2018,1900,,N,,,,
SPC:DF_TOURISM_ARRIVALS(1.0),A,KI,EXCR,2019,4100,,N,,,,
SPC:DF_TOURISM_ARRIVALS(1.0),A,MH,EXCR,2016,1100,,N,,,,
SPC:DF_TOURISM_ARRIVALS(1.0),A,MH,EXCR,2017,1900,,N,,,,
SPC:DF_TOURISM_ARRIVALS(1.0),A,MH,EXCR,2020,800,,N,,,,
SPC:DF_TOURISM_ARRIVALS(1.0),A,FM,TOUR,1996,17600,,N,,,,
SPC:DF_TOURISM_ARRIVALS(1.0),A,FM,TOUR,1997,17200,,N,,,,
SPC:DF_TOURISM_ARRIVALS(1.0),A,FM,TOUR,1998,13400,,N,,,,
SPC:DF_TOURISM_ARRIVALS(1.0),A,FM,TOUR,1999,16100,,N,,,,
SPC:DF_TOURISM_ARRIVALS(1.0),A,FM,TOUR,2000,20500,,N,,,,
SPC:DF_TOURISM_ARRIVALS(1.0),A,FM,TOUR,2001,15300,,N,,,,
SPC:DF_TOURISM_ARRIVALS(1.0),A,FM,TOUR,2002,19100,,N,,,,
SPC:DF_TOURISM_ARRIVALS(1.0),A,FM,TOUR,2003,18200,,N,,,,
SPC:DF_TOURISM_ARRIVALS(1.0),A,FM,TOUR,2004,19300,,N,,,,
SPC:DF_TOURISM_ARRIVALS(1.0),A,FM,TOUR,2005,19000,,N,,,,
SPC:DF_TOURISM_ARRIVALS(1.0),A,FM,TOUR,2006,19100,,N,,,,
SPC:DF_TOURISM_ARRIVALS(1.0),A,FM,TOUR,2007,21100,,N,,,,
SPC:DF_TOURISM_ARRIVALS(1.0),A,FM,TOUR,2008,25700,,N,,,,
SPC:DF_TOURISM_ARRIVALS(1.0),A,FM,TOUR,2009,47500,,N,,,,
SPC:DF_TOURISM_ARRIVALS(1.0),A,FM,TOUR,2010,44700,,N,,,,
SPC:DF_TOURISM_ARRIVALS(1.0),A,FM,TOUR,2011,35400,,N,,,,
SPC:DF_TOURISM_ARRIVALS(1.0),A,FM,TOUR,2012,38300,,N,,,,
SPC:DF_TOURISM_ARRIVALS(1.0),A,FM,TOUR,2013,42100,,N,,,,
SPC:DF_TOURISM_ARRIVALS(1.0),A,FM,TOUR,2014,35400,,N,,,,
SPC:DF_TOURISM_ARRIVALS(1.0),A,FM,TOUR,2015,31200,,N,,,,
SPC:DF_TOURISM_ARRIVALS(1.0),A,FM,TOUR,2016,29600,,N,,,,
SPC:DF_TOURISM_ARRIVALS(1.0),A,FM,TOUR,2018,19200,,N,,,,
SPC:DF_TOURISM_ARRIVALS(1.0),A,FM,TOUR,2019,18000,,N,,,,
SPC:DF_TOURISM_ARRIVALS(1.0),A,MP,EXCR,1995,7000,,N,,,,
SPC:DF_TOURISM_ARRIVALS(1.0),A,MP,EXCR,1996,8000,,N,,,,
SPC:DF_TOURISM_ARRIVALS(1.0),A,MP,EXCR,1997,10000,,N,,,,
SPC:DF_TOURISM_ARRIVALS(1.0),A,MP,EXCR,1998,9000,,N,,,,
SPC:DF_TOURISM_ARRIVALS(1.0),A,MP,EXCR,1999,8000,,N,,,,
SPC:DF_TOURISM_ARRIVALS(1.0),A,MP,EXCR,2000,12000,,N,,,,
SPC:DF_TOURISM_ARRIVALS(1.0),A,MP,EXCR,2001,6000,,N,,,,
SPC:DF_TOURISM_ARRIVALS(1.0),A,MP,EXCR,2002,10000,,N,,,,
SPC:DF_TOURISM_ARRIVALS(1.0),A,MP,EXCR,2003,7000,,N,,,,
SPC:DF_TOURISM_ARRIVALS(1.0),A,MP,EXCR,2004,11000,,N,,,,
SPC:DF_TOURISM_ARRIVALS(1.0),A,MP,EXCR,2005,9000,,N,,,,
SPC:DF_TOURISM_ARRIVALS(1.0),A,MP,EXCR,2006,7000,,N,,,,
SPC:DF_TOURISM_ARRIVALS(1.0),A,MP,EXCR,2007,4000,,N,,,,
SPC:DF_TOURISM_ARRIVALS(1.0),A,MP,EXCR,2008,9000,,N,,,,
SPC:DF_TOURISM_ARRIVALS(1.0),A,MP,EXCR,2009,9000,,N,,,,
SPC:DF_TOURISM_ARRIVALS(1.0),A,MP,EXCR,2010,4000,,N,,,,
SPC:DF_TOURISM_ARRIVALS(1.0),A,MP,EXCR,2011,5000,,N,,,,
SPC:DF_TOURISM_ARRIVALS(1.0),A,MP,EXCR,2012,2000,,N,,,,
SPC:DF_TOURISM_ARRIVALS(1.0),A,MP,EXCR,2013,3000,,N,,,,
SPC:DF_TOURISM_ARRIVALS(1.0),A,MP,EXCR,2014,5000,,N,,,,
SPC:DF_TOURISM_ARRIVALS(1.0),A,MP,EXCR,2015,3400,,N,,,,
SPC:DF_TOURISM_ARRIVALS(1.0),A,MP,EXCR,2016,5000,,N,,,,
SPC:DF_TOURISM_ARRIVALS(1.0),A,MP,EXCR,2017,4000,,N,,,,
SPC:DF_TOURISM_ARRIVALS(1.0),A,MP,EXCR,2018,1000,,N,,,,
SPC:DF_TOURISM_ARRIVALS(1.0),A,MP,EXCR,2019,3000,,N,,,,
SPC:DF_TOURISM_ARRIVALS(1.0),A,MP,EXCR,2020,2000,,N,,,,
SPC:DF_TOURISM_ARRIVALS(1.0),A,MP,EXCR,2021,500,,N,,,,
SPC:DF_TOURISM_ARRIVALS(1.0),A,MP,EXCR,2022,500,,N,,,,
SPC:DF_TOURISM_ARRIVALS(1.0),A,PW,TOUR,1995,53000,,N,,,,
SPC:DF_TOURISM_ARRIVALS(1.0),A,PW,TOUR,1996,69000,,N,,,,
SPC:DF_TOURISM_ARRIVALS(1.0),A,PW,TOUR,1997,74000,,N,,,,
SPC:DF_TOURISM_ARRIVALS(1.0),A,PW,TOUR,1998,64000,,N,,,,
SPC:DF_TOURISM_ARRIVALS(1.0),A,PW,TOUR,1999,55000,,N,,,,
SPC:DF_TOURISM_ARRIVALS(1.0),A,PW,TOUR,2000,58000,,N,,,,
SPC:DF_TOURISM_ARRIVALS(1.0),A,PW,TOUR,2001,54000,,N,,,,
SPC:DF_TOURISM_ARRIVALS(1.0),A,PW,TOUR,2002,59000,,N,,,,
SPC:DF_TOURISM_ARRIVALS(1.0),A,PW,TOUR,2003,63000,,N,,,,
SPC:DF_TOURISM_ARRIVALS(1.0),A,PW,TOUR,2004,89000,,N,,,,
SPC:DF_TOURISM_ARRIVALS(1.0),A,PW,TOUR,2005,81000,,N,,,,
SPC:DF_TOURISM_ARRIVALS(1.0),A,PW,TOUR,2006,82000,,N,,,,
SPC:DF_TOURISM_ARRIVALS(1.0),A,PW,TOUR,2007,88000,,N,,,,
SPC:DF_TOURISM_ARRIVALS(1.0),A,PW,TOUR,2008,81000,,N,,,,
SPC:DF_TOURISM_ARRIVALS(1.0),A,PW,TOUR,2009,71000,,N,,,,
SPC:DF_TOURISM_ARRIVALS(1.0),A,PW,TOUR,2010,85000,,N,,,,
SPC:DF_TOURISM_ARRIVALS(1.0),A,PW,TOUR,2011,111000,,N,,,,
SPC:DF_TOURISM_ARRIVALS(1.0),A,PW,TOUR,2012,120000,,N,,,,
SPC:DF_TOURISM_ARRIVALS(1.0),A,PW,TOUR,2013,108000,,N,,,,
SPC:DF_TOURISM_ARRIVALS(1.0),A,PW,TOUR,2014,140000,,N,,,,
SPC:DF_TOURISM_ARRIVALS(1.0),A,PW,TOUR,2015,162000,,N,,,,
SPC:DF_TOURISM_ARRIVALS(1.0),A,PW,TOUR,2016,138000,,N,,,,
SPC:DF_TOURISM_ARRIVALS(1.0),A,PW,TOUR,2017,123000,,N,,,,
SPC:DF_TOURISM_ARRIVALS(1.0),A,PW,TOUR,2018,106000,,N,,,,
SPC:DF_TOURISM_ARRIVALS(1.0),A,PW,TOUR,2019,94000,,N,,,,
SPC:DF_TOURISM_ARRIVALS(1.0),A,PW,TOUR,2020,18400,,N,,,,
SPC:DF_TOURISM_ARRIVALS(1.0),A,AS,EXCR,2010,17200,,N,,,,
SPC:DF_TOURISM_ARRIVALS(1.0),A,AS,EXCR,2011,18700,,N,,,,
SPC:DF_TOURISM_ARRIVALS(1.0),A,AS,EXCR,2012,27600,,N,,,,
SPC:DF_TOURISM_ARRIVALS(1.0),A,AS,EXCR,2013,28500,,N,,,,
SPC:DF_TOURISM_ARRIVALS(1.0),A,AS,EXCR,2014,30000,,N,,,,
SPC:DF_TOURISM_ARRIVALS(1.0),A,AS,EXCR,2015,26800,,N,,,,
SPC:DF_TOURISM_ARRIVALS(1.0),A,AS,EXCR,2016,18200,,N,,,,
SPC:DF_TOURISM_ARRIVALS(1.0),A,AS,EXCR,2017,22300,,N,,,,
SPC:DF_TOURISM_ARRIVALS(1.0),A,AS,EXCR,2018,31600,,N,,,,
SPC:DF_TOURISM_ARRIVALS(1.0),A,AS,EXCR,2019,39400,,N,,,,
SPC:DF_TOURISM_ARRIVALS(1.0),A,CK,TOUR,1995,48000,,N,,,,
SPC:DF_TOURISM_ARRIVALS(1.0),A,CK,TOUR,1996,48000,,N,,,,
SPC:DF_TOURISM_ARRIVALS(1.0),A,CK,TOUR,1997,50000,,N,,,,
SPC:DF_TOURISM_ARRIVALS(1.0),A,CK,TOUR,1998,49000,,N,,,,
SPC:DF_TOURISM_ARRIVALS(1.0),A,CK,TOUR,1999,56000,,N,,,,
SPC:DF_TOURISM_ARRIVALS(1.0),A,CK,TOUR,2000,73000,,N,,,,
SPC:DF_TOURISM_ARRIVALS(1.0),A,CK,TOUR,2001,75000,,N,,,,
SPC:DF_TOURISM_ARRIVALS(1.0),A,CK,TOUR,2002,73000,,N,,,,
SPC:DF_TOURISM_ARRIVALS(1.0),A,CK,TOUR,2003,78000,,N,,,,
SPC:DF_TOURISM_ARRIVALS(1.0),A,CK,TOUR,2004,83000,,N,,,,
SPC:DF_TOURISM_ARRIVALS(1.0),A,CK,TOUR,2005,88000,,N,,,,
SPC:DF_TOURISM_ARRIVALS(1.0),A,CK,TOUR,2006,92000,,N,,,,
SPC:DF_TOURISM_ARRIVALS(1.0),A,CK,TOUR,2007,97000,,N,,,,
SPC:DF_TOURISM_ARRIVALS(1.0),A,CK,TOUR,2008,95000,,N,,,,
SPC:DF_TOURISM_ARRIVALS(1.0),A,CK,TOUR,2009,101000,,N,,,,
SPC:DF_TOURISM_ARRIVALS(1.0),A,CK,TOUR,2010,104000,,N,,,,
SPC:DF_TOURISM_ARRIVALS(1.0),A,CK,TOUR,2011,113000,,N,,,,
SPC:DF_TOURISM_ARRIVALS(1.0),A,CK,TOUR,2012,122000,,N,,,,
SPC:DF_TOURISM_ARRIVALS(1.0),A,CK,TOUR,2013,121000,,N,,,,
SPC:DF_TOURISM_ARRIVALS(1.0),A,CK,TOUR,2014,122000,,N,,,,
SPC:DF_TOURISM_ARRIVALS(1.0),A,CK,TOUR,2015,125000,,N,,,,
SPC:DF_TOURISM_ARRIVALS(1.0),A,CK,TOUR,2016,146000,,N,,,,
SPC:DF_TOURISM_ARRIVALS(1.0),A,CK,TOUR,2017,161000,,N,,,,
SPC:DF_TOURISM_ARRIVALS(1.0),A,CK,TOUR,2018,169000,,N,,,,
SPC:DF_TOURISM_ARRIVALS(1.0),A,CK,TOUR,2019,172000,,N,,,,
SPC:DF_TOURISM_ARRIVALS(1.0),A,CK,TOUR,2020,25200,,N,,,,
SPC:DF_TOURISM_ARRIVALS(1.0),A,CK,TOUR,2021,26300,,N,,,,
SPC:DF_TOURISM_ARRIVALS(1.0),A,CK,TOUR,2022,113600,,N,,,,
SPC:DF_TOURISM_ARRIVALS(1.0),A,PF,EXCR,1995,14000,,N,,,,
SPC:DF_TOURISM_ARRIVALS(1.0),A,PF,EXCR,1996,20000,,N,,,,
SPC:DF_TOURISM_ARRIVALS(1.0),A,PF,EXCR,1997,21000,,N,,,,
SPC:DF_TOURISM_ARRIVALS(1.0),A,PF,EXCR,1998,22000,,N,,,,
SPC:DF_TOURISM_ARRIVALS(1.0),A,PF,EXCR,1999,25000,,N,,,,
SPC:DF_TOURISM_ARRIVALS(1.0),A,PF,EXCR,2007,25000,,N,,,,
SPC:DF_TOURISM_ARRIVALS(1.0),A,PF,EXCR,2008,31000,,N,,,,
SPC:DF_TOURISM_ARRIVALS(1.0),A,PF,EXCR,2009,30000,,N,,,,
SPC:DF_TOURISM_ARRIVALS(1.0),A,PF,EXCR,2010,25000,,N,,,,
SPC:DF_TOURISM_ARRIVALS(1.0),A,PF,EXCR,2011,33000,,N,,,,
SPC:DF_TOURISM_ARRIVALS(1.0),A,PF,EXCR,2012,41000,,N,,,,
SPC:DF_TOURISM_ARRIVALS(1.0),A,PF,EXCR,2013,50000,,N,,,,
SPC:DF_TOURISM_ARRIVALS(1.0),A,PF,EXCR,2014,48000,,N,,,,
SPC:DF_TOURISM_ARRIVALS(1.0),A,PF,EXCR,2015,55000,,N,,,,
SPC:DF_TOURISM_ARRIVALS(1.0),A,PF,EXCR,2016,49000,,N,,,,
SPC:DF_TOURISM_ARRIVALS(1.0),A,PF,EXCR,2017,55000,,N,,,,
SPC:DF_TOURISM_ARRIVALS(1.0),A,PF,EXCR,2018,43600,,N,,,,
SPC:DF_TOURISM_ARRIVALS(1.0),A,PF,EXCR,2019,45200,,N,,,,
SPC:DF_TOURISM_ARRIVALS(1.0),A,PF,EXCR,2020,12000,,N,,,,
SPC:DF_TOURISM_ARRIVALS(1.0),A,PF,EXCR,2021,12300,,N,,,,
SPC:DF_TOURISM_ARRIVALS(1.0),A,PF,EXCR,2022,42600,,N,,,,
SPC:DF_TOURISM_ARRIVALS(1.0),A,NU,EXCR,2017,1800,,N,,,,
SPC:DF_TOURISM_ARRIVALS(1.0),A,WS,EXCR,2006,6000,,N,,,,
SPC:DF_TOURISM_ARRIVALS(1.0),A,WS,EXCR,2007,5000,,N,,,,
SPC:DF_TOURISM_ARRIVALS(1.0),A,WS,EXCR,2008,4000,,N,,,,
SPC:DF_TOURISM_ARRIVALS(1.0),A,WS,EXCR,2009,7000,,N,,,,
SPC:DF_TOURISM_ARRIVALS(1.0),A,WS,EXCR,2010,8000,,N,,,,
SPC:DF_TOURISM_ARRIVALS(1.0),A,WS,EXCR,2011,7000,,N,,,,
SPC:DF_TOURISM_ARRIVALS(1.0),A,WS,EXCR,2012,9000,,N,,,,
SPC:DF_TOURISM_ARRIVALS(1.0),A,WS,EXCR,2013,9000,,N,,,,
SPC:DF_TOURISM_ARRIVALS(1.0),A,WS,EXCR,2014,11400,,N,,,,
SPC:DF_TOURISM_ARRIVALS(1.0),A,WS,EXCR,2015,11000,,N,,,,
SPC:DF_TOURISM_ARRIVALS(1.0),A,WS,EXCR,2016,12000,,N,,,,
SPC:DF_TOURISM_ARRIVALS(1.0),A,WS,EXCR,2017,11000,,N,,,,
SPC:DF_TOURISM_ARRIVALS(1.0),A,WS,EXCR,2018,8000,,N,,,,
SPC:DF_TOURISM_ARRIVALS(1.0),A,WS,EXCR,2019,8600,,N,,,,
SPC:DF_TOURISM_ARRIVALS(1.0),A,WS,EXCR,2020,800,,N,,,,
SPC:DF_TOURISM_ARRIVALS(1.0),A,WS,EXCR,2022,1200,,N,,,,
SPC:DF_TOURISM_ARRIVALS(1.0),A,TO,EXCR,1995,4000,,N,,,,
SPC:DF_TOURISM_ARRIVALS(1.0),A,TO,EXCR,1996,4000,,N,,,,
SPC:DF_TOURISM_ARRIVALS(1.0),A,TO,EXCR,1997,3000,,N,,,,
SPC:DF_TOURISM_ARRIVALS(1.0),A,TO,EXCR,1998,8000,,N,,,,
SPC:DF_TOURISM_ARRIVALS(1.0),A,TO,EXCR,1999,13000,,N,,,,
SPC:DF_TOURISM_ARRIVALS(1.0),A,TO,EXCR,2000,8000,,N,,,,
SPC:DF_TOURISM_ARRIVALS(1.0),A,TO,EXCR,2001,6000,,N,,,,
SPC:DF_TOURISM_ARRIVALS(1.0),A,TO,EXCR,2002,8000,,N,,,,
SPC:DF_TOURISM_ARRIVALS(1.0),A,TO,EXCR,2003,11000,,N,,,,
SPC:DF_TOURISM_ARRIVALS(1.0),A,TO,EXCR,2004,10000,,N,,,,
SPC:DF_TOURISM_ARRIVALS(1.0),A,TO,EXCR,2005,18000,,N,,,,
SPC:DF_TOURISM_ARRIVALS(1.0),A,TO,EXCR,2006,15000,,N,,,,
SPC:DF_TOURISM_ARRIVALS(1.0),A,TO,EXCR,2007,19000,,N,,,,
SPC:DF_TOURISM_ARRIVALS(1.0),A,TO,EXCR,2008,15000,,N,,,,
SPC:DF_TOURISM_ARRIVALS(1.0),A,TO,EXCR,2009,29000,,N,,,,
SPC:DF_TOURISM_ARRIVALS(1.0),A,TO,EXCR,2010,17900,,N,,,,
SPC:DF_TOURISM_ARRIVALS(1.0),A,TO,EXCR,2011,22400,,N,,,,
SPC:DF_TOURISM_ARRIVALS(1.0),A,TO,EXCR,2012,9800,,N,,,,
SPC:DF_TOURISM_ARRIVALS(1.0),A,TO,EXCR,2013,11500,,N,,,,
SPC:DF_TOURISM_ARRIVALS(1.0),A,TO,EXCR,2014,15400,,N,,,,
SPC:DF_TOURISM_ARRIVALS(1.0),A,TO,EXCR,2015,18800,,N,,,,
SPC:DF_TOURISM_ARRIVALS(1.0),A,TO,EXCR,2016,27500,,N,,,,
SPC:DF_TOURISM_ARRIVALS(1.0),A,TO,EXCR,2017,24100,,N,,,,
SPC:DF_TOURISM_ARRIVALS(1.0),A,TO,EXCR,2018,23300,,N,,,,
SPC:DF_TOURISM_ARRIVALS(1.0),A,TO,EXCR,2019,26700,,N,,,,
SPC:DF_TOURISM_ARRIVALS(1.0),A,TO,EXCR,2020,2500,,N,,,,
SPC:DF_TOURISM_ARRIVALS(1.0),A,TO,EXCR,2022,3900,,N,,,,
SPC:DF_TOURISM_ARRIVALS(1.0),A,TV,TOUR,1995,900,,N,,,,
SPC:DF_TOURISM_ARRIVALS(1.0),A,TV,TOUR,1996,1000,,N,,,,
SPC:DF_TOURISM_ARRIVALS(1.0),A,TV,TOUR,1997,1000,,N,,,,
SPC:DF_TOURISM_ARRIVALS(1.0),A,TV,TOUR,1998,1000,,N,,,,
SPC:DF_TOURISM_ARRIVALS(1.0),A,TV,TOUR,1999,1100,,N,,,,
SPC:DF_TOURISM_ARRIVALS(1.0),A,TV,TOUR,2000,1100,,N,,,,
SPC:DF_TOURISM_ARRIVALS(1.0),A,TV,TOUR,2001,1100,,N,,,,
SPC:DF_TOURISM_ARRIVALS(1.0),A,TV,TOUR,2002,1300,,N,,,,
SPC:DF_TOURISM_ARRIVALS(1.0),A,TV,TOUR,2003,1400,,N,,,,
SPC:DF_TOURISM_ARRIVALS(1.0),A,TV,TOUR,2004,1300,,N,,,,
SPC:DF_TOURISM_ARRIVALS(1.0),A,TV,TOUR,2005,1100,,N,,,,
SPC:DF_TOURISM_ARRIVALS(1.0),A,TV,TOUR,2006,1100,,N,,,,
SPC:DF_TOURISM_ARRIVALS(1.0),A,TV,TOUR,2007,1100,,N,,,,
SPC:DF_TOURISM_ARRIVALS(1.0),A,TV,TOUR,2008,1700,,N,,,,
SPC:DF_TOURISM_ARRIVALS(1.0),A,TV,TOUR,2009,1600,,N,,,,
SPC:DF_TOURISM_ARRIVALS(1.0),A,TV,TOUR,2010,1700,,N,,,,
SPC:DF_TOURISM_ARRIVALS(1.0),A,TV,TOUR,2011,1200,,N,,,,
SPC:DF_TOURISM_ARRIVALS(1.0),A,TV,TOUR,2012,1100,,N,,,,
SPC:DF_TOURISM_ARRIVALS(1.0),A,TV,TOUR,2013,1300,,N,,,,
SPC:DF_TOURISM_ARRIVALS(1.0),A,TV,TOUR,2014,1400,,N,,,,
SPC:DF_TOURISM_ARRIVALS(1.0),A,TV,TOUR,2015,2400,,N,,,,
SPC:DF_TOURISM_ARRIVALS(1.0),A,TV,TOUR,2016,2500,,N,,,,
SPC:DF_TOURISM_ARRIVALS(1.0),A,TV,TOUR,2017,2500,,N,,,,
SPC:DF_TOURISM_ARRIVALS(1.0),A,TV,TOUR,2018,3100,,N,,,,
SPC:DF_TOURISM_ARRIVALS(1.0),A,TV,TOUR,2019,3700,,N,,,,
SPC:DF_TOURISM_ARRIVALS(1.0),A,TV,TOUR,2020,600,,N,,,,
SPC:DF_TOURISM_ARRIVALS(1.0),A,TV,TOUR,2021,40,,N,,,,
SPC:DF_TOURISM_ARRIVALS(1.0),A,TV,TOUR,2022,244,,N,,,,
SPC:DF_TOURISM_ARRIVALS(1.0),A,FJ,TOUR,1995,318000,,N,,,,
SPC:DF_TOURISM_ARRIVALS(1.0),A,FJ,TOUR,1996,340000,,N,,,,
SPC:DF_TOURISM_ARRIVALS(1.0),A,FJ,TOUR,1997,359000,,N,,,,
SPC:DF_TOURISM_ARRIVALS(1.0),A,FJ,TOUR,1998,371000,,N,,,,
SPC:DF_TOURISM_ARRIVALS(1.0),A,FJ,TOUR,1999,410000,,N,,,,
SPC:DF_TOURISM_ARRIVALS(1.0),A,FJ,TOUR,2000,294000,,N,,,,
SPC:DF_TOURISM_ARRIVALS(1.0),A,FJ,TOUR,2001,348000,,N,,,,
SPC:DF_TOURISM_ARRIVALS(1.0),A,FJ,TOUR,2002,398000,,N,,,,
SPC:DF_TOURISM_ARRIVALS(1.0),A,FJ,TOUR,2003,431000,,N,,,,
SPC:DF_TOURISM_ARRIVALS(1.0),A,FJ,TOUR,2004,504000,,N,,,,
SPC:DF_TOURISM_ARRIVALS(1.0),A,FJ,TOUR,2005,545000,,N,,,,
SPC:DF_TOURISM_ARRIVALS(1.0),A,FJ,TOUR,2006,549000,,N,,,,
SPC:DF_TOURISM_ARRIVALS(1.0),A,FJ,TOUR,2007,540000,,N,,,,
SPC:DF_TOURISM_ARRIVALS(1.0),A,FJ,TOUR,2008,585000,,N,,,,
SPC:DF_TOURISM_ARRIVALS(1.0),A,FJ,TOUR,2009,542000,,N,,,,
SPC:DF_TOURISM_ARRIVALS(1.0),A,FJ,TOUR,2010,632000,,N,,,,
SPC:DF_TOURISM_ARRIVALS(1.0),A,FJ,TOUR,2011,675000,,N,,,,
SPC:DF_TOURISM_ARRIVALS(1.0),A,FJ,TOUR,2012,661000,,N,,,,
SPC:DF_TOURISM_ARRIVALS(1.0),A,FJ,TOUR,2013,659000,,N,,,,
SPC:DF_TOURISM_ARRIVALS(1.0),A,FJ,TOUR,2014,693000,,N,,,,
SPC:DF_TOURISM_ARRIVALS(1.0),A,FJ,TOUR,2015,755000,,N,,,,
SPC:DF_TOURISM_ARRIVALS(1.0),A,FJ,TOUR,2016,792000,,N,,,,
SPC:DF_TOURISM_ARRIVALS(1.0),A,FJ,TOUR,2017,843000,,N,,,,
SPC:DF_TOURISM_ARRIVALS(1.0),A,FJ,TOUR,2018,870000,,N,,,,
SPC:DF_TOURISM_ARRIVALS(1.0),A,FJ,TOUR,2019,894000,,N,,,,
SPC:DF_TOURISM_ARRIVALS(1.0),A,FJ,TOUR,2020,146900,,N,,,,
SPC:DF_TOURISM_ARRIVALS(1.0),A,FJ,TOUR,2021,32000,,N,,,,
SPC:DF_TOURISM_ARRIVALS(1.0),A,FJ,TOUR,2022,636300,,N,,,,
SPC:DF_TOURISM_ARRIVALS(1.0),A,FJ,TOUR,2023,929740,,N,,,,
SPC:DF_TOURISM_ARRIVALS(1.0),A,FJ,TOUR,2024,928938,,N,,,,
SPC:DF_TOURISM_ARRIVALS(1.0),A,NC,TOUR,1995,86000,,N,,,,
SPC:DF_TOURISM_ARRIVALS(1.0),A,NC,TOUR,1996,91000,,N,,,,
SPC:DF_TOURISM_ARRIVALS(1.0),A,NC,TOUR,1997,105000,,N,,,,
SPC:DF_TOURISM_ARRIVALS(1.0),A,NC,TOUR,1998,104000,,N,,,,
SPC:DF_TOURISM_ARRIVALS(1.0),A,NC,TOUR,1999,100000,,N,,,,
SPC:DF_TOURISM_ARRIVALS(1.0),A,NC,TOUR,2000,110000,,N,,,,
SPC:DF_TOURISM_ARRIVALS(1.0),A,NC,TOUR,2001,101000,,N,,,,
SPC:DF_TOURISM_ARRIVALS(1.0),A,NC,TOUR,2002,104000,,N,,,,
SPC:DF_TOURISM_ARRIVALS(1.0),A,NC,TOUR,2003,102000,,N,,,,
SPC:DF_TOURISM_ARRIVALS(1.0),A,NC,TOUR,2004,100000,,N,,,,
SPC:DF_TOURISM_ARRIVALS(1.0),A,NC,TOUR,2005,101000,,N,,,,
SPC:DF_TOURISM_ARRIVALS(1.0),A,NC,TOUR,2006,100000,,N,,,,
SPC:DF_TOURISM_ARRIVALS(1.0),A,NC,TOUR,2007,103000,,N,,,,
SPC:DF_TOURISM_ARRIVALS(1.0),A,NC,TOUR,2008,104000,,N,,,,
SPC:DF_TOURISM_ARRIVALS(1.0),A,NC,TOUR,2009,99000,,N,,,,
SPC:DF_TOURISM_ARRIVALS(1.0),A,NC,TOUR,2010,99000,,N,,,,
SPC:DF_TOURISM_ARRIVALS(1.0),A,NC,TOUR,2011,112000,,N,,,,
SPC:DF_TOURISM_ARRIVALS(1.0),A,NC,TOUR,2012,112000,,N,,,,
SPC:DF_TOURISM_ARRIVALS(1.0),A,NC,TOUR,2013,108000,,N,,,,
SPC:DF_TOURISM_ARRIVALS(1.0),A,NC,TOUR,2014,107000,,N,,,,
SPC:DF_TOURISM_ARRIVALS(1.0),A,NC,TOUR,2015,114000,,N,,,,
SPC:DF_TOURISM_ARRIVALS(1.0),A,NC,TOUR,2016,116000,,N,,,,
SPC:DF_TOURISM_ARRIVALS(1.0),A,NC,TOUR,2017,121000,,N,,,,
SPC:DF_TOURISM_ARRIVALS(1.0),A,NC,TOUR,2018,120000,,N,,,,
SPC:DF_TOURISM_ARRIVALS(1.0),A,NC,TOUR,2019,131000,,N,,,,
SPC:DF_TOURISM_ARRIVALS(1.0),A,NC,TOUR,2020,32136,,N,,,,
SPC:DF_TOURISM_ARRIVALS(1.0),A,NC,TOUR,2021,13825,,N,,,,
SPC:DF_TOURISM_ARRIVALS(1.0),A,NC,TOUR,2022,78748,,N,,,,
SPC:DF_TOURISM_ARRIVALS(1.0),A,NC,TOUR,2023,125097,,N,,,,
SPC:DF_TOURISM_ARRIVALS(1.0),A,NC,TOUR,2024,59399,,N,,,,
SPC:DF_TOURISM_ARRIVALS(1.0),A,PG,TOUR,1995,42000,,N,,,,
SPC:DF_TOURISM_ARRIVALS(1.0),A,PG,TOUR,1996,61000,,N,,,,
SPC:DF_TOURISM_ARRIVALS(1.0),A,PG,TOUR,1997,66000,,N,,,,
SPC:DF_TOURISM_ARRIVALS(1.0),A,PG,TOUR,1998,67000,,N,,,,
SPC:DF_TOURISM_ARRIVALS(1.0),A,PG,TOUR,1999,67000,,N,,,,
SPC:DF_TOURISM_ARRIVALS(1.0),A,PG,TOUR,2000,58000,,N,,,,
SPC:DF_TOURISM_ARRIVALS(1.0),A,PG,TOUR,2001,54000,,N,,,,
SPC:DF_TOURISM_ARRIVALS(1.0),A,PG,TOUR,2002,54000,,N,,,,
SPC:DF_TOURISM_ARRIVALS(1.0),A,PG,TOUR,2003,56000,,N,,,,
SPC:DF_TOURISM_ARRIVALS(1.0),A,PG,TOUR,2004,59000,,N,,,,
SPC:DF_TOURISM_ARRIVALS(1.0),A,PG,TOUR,2005,69000,,N,,,,
SPC:DF_TOURISM_ARRIVALS(1.0),A,PG,TOUR,2006,78000,,N,,,,
SPC:DF_TOURISM_ARRIVALS(1.0),A,PG,TOUR,2007,104000,,N,,,,
SPC:DF_TOURISM_ARRIVALS(1.0),A,PG,TOUR,2008,114000,,N,,,,
SPC:DF_TOURISM_ARRIVALS(1.0),A,PG,TOUR,2009,121000,,N,,,,
SPC:DF_TOURISM_ARRIVALS(1.0),A,PG,TOUR,2010,140000,,N,,,,
SPC:DF_TOURISM_ARRIVALS(1.0),A,PG,TOUR,2011,158000,,N,,,,
SPC:DF_TOURISM_ARRIVALS(1.0),A,PG,TOUR,2012,168000,,N,,,,
SPC:DF_TOURISM_ARRIVALS(1.0),A,PG,TOUR,2013,174000,,N,,,,
SPC:DF_TOURISM_ARRIVALS(1.0),A,PG,TOUR,2014,182000,,N,,,,
SPC:DF_TOURISM_ARRIVALS(1.0),A,PG,TOUR,2015,183000,,N,,,,
SPC:DF_TOURISM_ARRIVALS(1.0),A,PG,TOUR,2016,179000,,N,,,,
SPC:DF_TOURISM_ARRIVALS(1.0),A,PG,TOUR,2017,139000,,N,,,,
SPC:DF_TOURISM_ARRIVALS(1.0),A,PG,TOUR,2018,140000,,N,,,,
SPC:DF_TOURISM_ARRIVALS(1.0),A,PG,TOUR,2019,160000,,N,,,,
SPC:DF_TOURISM_ARRIVALS(1.0),A,PG,TOUR,2020,39000,,N,,,,
SPC:DF_TOURISM_ARRIVALS(1.0),A,PG,TOUR,2021,17000,,N,,,,
SPC:DF_TOURISM_ARRIVALS(1.0),A,PG,TOUR,2022,66800,,N,,,,
SPC:DF_TOURISM_ARRIVALS(1.0),A,SB,TOUR,1995,11800,,N,,,,
SPC:DF_TOURISM_ARRIVALS(1.0),A,SB,TOUR,1996,10300,,N,,,,
SPC:DF_TOURISM_ARRIVALS(1.0),A,SB,TOUR,1997,13800,,N,,,,
SPC:DF_TOURISM_ARRIVALS(1.0),A,SB,TOUR,1998,15800,,N,,,,
SPC:DF_TOURISM_ARRIVALS(1.0),A,SB,TOUR,2000,5200,,N,,,,
SPC:DF_TOURISM_ARRIVALS(1.0),A,SB,TOUR,2003,6600,,N,,,,
SPC:DF_TOURISM_ARRIVALS(1.0),A,SB,TOUR,2004,5600,,N,,,,
SPC:DF_TOURISM_ARRIVALS(1.0),A,SB,TOUR,2005,9400,,N,,,,
SPC:DF_TOURISM_ARRIVALS(1.0),A,SB,TOUR,2006,11500,,N,,,,
SPC:DF_TOURISM_ARRIVALS(1.0),A,SB,TOUR,2007,13700,,N,,,,
SPC:DF_TOURISM_ARRIVALS(1.0),A,SB,TOUR,2008,16300,,N,,,,
SPC:DF_TOURISM_ARRIVALS(1.0),A,SB,TOUR,2009,18300,,N,,,,
SPC:DF_TOURISM_ARRIVALS(1.0),A,SB,TOUR,2010,20500,,N,,,,
SPC:DF_TOURISM_ARRIVALS(1.0),A,SB,TOUR,2011,22900,,N,,,,
SPC:DF_TOURISM_ARRIVALS(1.0),A,SB,TOUR,2012,23900,,N,,,,
SPC:DF_TOURISM_ARRIVALS(1.0),A,SB,TOUR,2013,24400,,N,,,,
SPC:DF_TOURISM_ARRIVALS(1.0),A,SB,TOUR,2014,20100,,N,,,,
SPC:DF_TOURISM_ARRIVALS(1.0),A,SB,TOUR,2015,21600,,N,,,,
SPC:DF_TOURISM_ARRIVALS(1.0),A,SB,TOUR,2016,23200,,N,,,,
SPC:DF_TOURISM_ARRIVALS(1.0),A,SB,TOUR,2017,25700,,N,,,,
SPC:DF_TOURISM_ARRIVALS(1.0),A,SB,TOUR,2018,27900,,N,,,,
SPC:DF_TOURISM_ARRIVALS(1.0),A,SB,TOUR,2019,28900,,N,,,,
SPC:DF_TOURISM_ARRIVALS(1.0),A,SB,TOUR,2020,4400,,N,,,,
SPC:DF_TOURISM_ARRIVALS(1.0),A,SB,TOUR,2021,700,,N,,,,
SPC:DF_TOURISM_ARRIVALS(1.0),A,VU,TOUR,1995,44000,,N,,,,
SPC:DF_TOURISM_ARRIVALS(1.0),A,VU,TOUR,1996,46000,,N,,,,
SPC:DF_TOURISM_ARRIVALS(1.0),A,VU,TOUR,1997,50000,,N,,,,
SPC:DF_TOURISM_ARRIVALS(1.0),A,VU,TOUR,1998,52000,,N,,,,
SPC:DF_TOURISM_ARRIVALS(1.0),A,VU,TOUR,1999,51000,,N,,,,
SPC:DF_TOURISM_ARRIVALS(1.0),A,VU,TOUR,2000,58000,,N,,,,
SPC:DF_TOURISM_ARRIVALS(1.0),A,VU,TOUR,2001,53000,,N,,,,
SPC:DF_TOURISM_ARRIVALS(1.0),A,VU,TOUR,2002,49000,,N,,,,
SPC:DF_TOURISM_ARRIVALS(1.0),A,VU,TOUR,2003,50000,,N,,,,
SPC:DF_TOURISM_ARRIVALS(1.0),A,VU,TOUR,2004,61000,,N,,,,
SPC:DF_TOURISM_ARRIVALS(1.0),A,VU,TOUR,2005,62000,,N,,,,
SPC:DF_TOURISM_ARRIVALS(1.0),A,VU,TOUR,2006,68000,,N,,,,
SPC:DF_TOURISM_ARRIVALS(1.0),A,VU,TOUR,2007,81000,,N,,,,
SPC:DF_TOURISM_ARRIVALS(1.0),A,VU,TOUR,2008,90500,,N,,,,
SPC:DF_TOURISM_ARRIVALS(1.0),A,VU,TOUR,2009,100700,,N,,,,
SPC:DF_TOURISM_ARRIVALS(1.0),A,VU,TOUR,2010,97200,,N,,,,
SPC:DF_TOURISM_ARRIVALS(1.0),A,VU,TOUR,2011,94000,,N,,,,
SPC:DF_TOURISM_ARRIVALS(1.0),A,VU,TOUR,2012,108200,,N,,,,
SPC:DF_TOURISM_ARRIVALS(1.0),A,VU,TOUR,2013,110000,,N,,,,
SPC:DF_TOURISM_ARRIVALS(1.0),A,VU,TOUR,2014,109000,,N,,,,
SPC:DF_TOURISM_ARRIVALS(1.0),A,VU,TOUR,2015,90000,,N,,,,
SPC:DF_TOURISM_ARRIVALS(1.0),A,VU,TOUR,2016,95100,,N,,,,
SPC:DF_TOURISM_ARRIVALS(1.0),A,VU,TOUR,2017,109200,,N,,,,
SPC:DF_TOURISM_ARRIVALS(1.0),A,VU,TOUR,2018,115600,,N,,,,
SPC:DF_TOURISM_ARRIVALS(1.0),A,VU,TOUR,2019,120600,,N,,,,
SPC:DF_TOURISM_ARRIVALS(1.0),A,VU,TOUR,2020,22000,,N,,,,
SPC:DF_TOURISM_ARRIVALS(1.0),A,VU,TOUR,2022,30000,,N,,,,
SPC:DF_TOURISM_ARRIVALS(1.0),A,KI,TOUR,1995,3900,,N,,,,
SPC:DF_TOURISM_ARRIVALS(1.0),A,KI,TOUR,1996,4200,,N,,,,
SPC:DF_TOURISM_ARRIVALS(1.0),A,KI,TOUR,1997,5100,,N,,,,
SPC:DF_TOURISM_ARRIVALS(1.0),A,KI,TOUR,1998,5700,,N,,,,
SPC:DF_TOURISM_ARRIVALS(1.0),A,KI,TOUR,1999,5100,,N,,,,
SPC:DF_TOURISM_ARRIVALS(1.0),A,KI,TOUR,2000,4800,,N,,,,
SPC:DF_TOURISM_ARRIVALS(1.0),A,KI,TOUR,2001,4600,,N,,,,
SPC:DF_TOURISM_ARRIVALS(1.0),A,KI,TOUR,2002,4900,,N,,,,
SPC:DF_TOURISM_ARRIVALS(1.0),A,KI,TOUR,2003,4900,,N,,,,
SPC:DF_TOURISM_ARRIVALS(1.0),A,KI,TOUR,2004,3400,,N,,,,
SPC:DF_TOURISM_ARRIVALS(1.0),A,KI,TOUR,2005,4100,,N,,,,
SPC:DF_TOURISM_ARRIVALS(1.0),A,KI,TOUR,2006,4400,,N,,,,
SPC:DF_TOURISM_ARRIVALS(1.0),A,KI,TOUR,2007,4700,,N,,,,
SPC:DF_TOURISM_ARRIVALS(1.0),A,KI,TOUR,2008,3900,,N,,,,
SPC:DF_TOURISM_ARRIVALS(1.0),A,KI,TOUR,2009,3900,,N,,,,
SPC:DF_TOURISM_ARRIVALS(1.0),A,KI,TOUR,2010,4700,,N,,,,
SPC:DF_TOURISM_ARRIVALS(1.0),A,KI,TOUR,2011,5300,,N,,,,
SPC:DF_TOURISM_ARRIVALS(1.0),A,KI,TOUR,2012,4900,,N,,,,
SPC:DF_TOURISM_ARRIVALS(1.0),A,KI,TOUR,2013,5900,,N,,,,
SPC:DF_TOURISM_ARRIVALS(1.0),A,KI,TOUR,2014,5000,,N,,,,
SPC:DF_TOURISM_ARRIVALS(1.0),A,KI,TOUR,2015,3900,,N,,,,
SPC:DF_TOURISM_ARRIVALS(1.0),A,KI,TOUR,2016,5700,,N,,,,
SPC:DF_TOURISM_ARRIVALS(1.0),A,KI,TOUR,2017,5800,,N,,,,
SPC:DF_TOURISM_ARRIVALS(1.0),A,KI,TOUR,2018,7100,,N,,,,
SPC:DF_TOURISM_ARRIVALS(1.0),A,KI,TOUR,2019,7900,,N,,,,
SPC:DF_TOURISM_ARRIVALS(1.0),A,KI,TOUR,2020,1400,,N,,,,
SPC:DF_TOURISM_ARRIVALS(1.0),A,KI,TOUR,2021,70,,N,,,,
SPC:DF_TOURISM_ARRIVALS(1.0),A,KI,TOUR,2022,1800,,N,,,,
SPC:DF_TOURISM_ARRIVALS(1.0),A,MH,TOUR,1995,5500,,N,,,,
SPC:DF_TOURISM_ARRIVALS(1.0),A,MH,TOUR,1996,6200,,N,,,,
SPC:DF_TOURISM_ARRIVALS(1.0),A,MH,TOUR,1997,6400,,N,,,,
SPC:DF_TOURISM_ARRIVALS(1.0),A,MH,TOUR,1998,6400,,N,,,,
SPC:DF_TOURISM_ARRIVALS(1.0),A,MH,TOUR,1999,4600,,N,,,,
SPC:DF_TOURISM_ARRIVALS(1.0),A,MH,TOUR,2000,5200,,N,,,,
SPC:DF_TOURISM_ARRIVALS(1.0),A,MH,TOUR,2001,5400,,N,,,,
SPC:DF_TOURISM_ARRIVALS(1.0),A,MH,TOUR,2002,6000,,N,,,,
SPC:DF_TOURISM_ARRIVALS(1.0),A,MH,TOUR,2003,7200,,N,,,,
SPC:DF_TOURISM_ARRIVALS(1.0),A,MH,TOUR,2004,9000,,N,,,,
SPC:DF_TOURISM_ARRIVALS(1.0),A,MH,TOUR,2005,9200,,N,,,,
SPC:DF_TOURISM_ARRIVALS(1.0),A,MH,TOUR,2006,5800,,N,,,,
SPC:DF_TOURISM_ARRIVALS(1.0),A,MH,TOUR,2007,7200,,N,,,,
SPC:DF_TOURISM_ARRIVALS(1.0),A,MH,TOUR,2008,6000,,N,,,,
SPC:DF_TOURISM_ARRIVALS(1.0),A,MH,TOUR,2009,5400,,N,,,,
SPC:DF_TOURISM_ARRIVALS(1.0),A,MH,TOUR,2010,4600,,N,,,,
SPC:DF_TOURISM_ARRIVALS(1.0),A,MH,TOUR,2011,4600,,N,,,,
SPC:DF_TOURISM_ARRIVALS(1.0),A,MH,TOUR,2012,4600,,N,,,,
SPC:DF_TOURISM_ARRIVALS(1.0),A,MH,TOUR,2014,4900,,N,,,,
SPC:DF_TOURISM_ARRIVALS(1.0),A,MH,TOUR,2015,6300,,N,,,,
SPC:DF_TOURISM_ARRIVALS(1.0),A,MH,TOUR,2016,5400,,N,,,,
SPC:DF_TOURISM_ARRIVALS(1.0),A,MH,TOUR,2017,6000,,N,,,,
SPC:DF_TOURISM_ARRIVALS(1.0),A,MH,TOUR,2018,6800,,N,,,,
SPC:DF_TOURISM_ARRIVALS(1.0),A,MH,TOUR,2019,6100,,N,,,,
SPC:DF_TOURISM_ARRIVALS(1.0),A,MH,TOUR,2020,1200,,N,,,,
SPC:DF_TOURISM_ARRIVALS(1.0),A,MH,TOUR,2021,35,,N,,,,
SPC:DF_TOURISM_ARRIVALS(1.0),A,MP,TOUR,1995,669000,,N,,,,
SPC:DF_TOURISM_ARRIVALS(1.0),A,MP,TOUR,1996,728000,,N,,,,
SPC:DF_TOURISM_ARRIVALS(1.0),A,MP,TOUR,1997,685000,,N,,,,
SPC:DF_TOURISM_ARRIVALS(1.0),A,MP,TOUR,1998,481000,,N,,,,
SPC:DF_TOURISM_ARRIVALS(1.0),A,MP,TOUR,1999,493000,,N,,,,
SPC:DF_TOURISM_ARRIVALS(1.0),A,MP,TOUR,2000,517000,,N,,,,
SPC:DF_TOURISM_ARRIVALS(1.0),A,MP,TOUR,2001,438000,,N,,,,
SPC:DF_TOURISM_ARRIVALS(1.0),A,MP,TOUR,2002,466000,,N,,,,
SPC:DF_TOURISM_ARRIVALS(1.0),A,MP,TOUR,2003,452000,,N,,,,
SPC:DF_TOURISM_ARRIVALS(1.0),A,MP,TOUR,2004,525000,,N,,,,
SPC:DF_TOURISM_ARRIVALS(1.0),A,MP,TOUR,2005,498000,,N,,,,
SPC:DF_TOURISM_ARRIVALS(1.0),A,MP,TOUR,2006,429000,,N,,,,
SPC:DF_TOURISM_ARRIVALS(1.0),A,MP,TOUR,2007,385000,,N,,,,
SPC:DF_TOURISM_ARRIVALS(1.0),A,MP,TOUR,2008,388000,,N,,,,
SPC:DF_TOURISM_ARRIVALS(1.0),A,MP,TOUR,2009,345000,,N,,,,
SPC:DF_TOURISM_ARRIVALS(1.0),A,MP,TOUR,2010,375000,,N,,,,
SPC:DF_TOURISM_ARRIVALS(1.0),A,MP,TOUR,2011,336000,,N,,,,
SPC:DF_TOURISM_ARRIVALS(1.0),A,MP,TOUR,2012,399000,,N,,,,
SPC:DF_TOURISM_ARRIVALS(1.0),A,MP,TOUR,2013,436000,,N,,,,
SPC:DF_TOURISM_ARRIVALS(1.0),A,MP,TOUR,2014,455000,,N,,,,
SPC:DF_TOURISM_ARRIVALS(1.0),A,MP,TOUR,2015,475100,,N,,,,
SPC:DF_TOURISM_ARRIVALS(1.0),A,MP,TOUR,2016,526000,,N,,,,
SPC:DF_TOURISM_ARRIVALS(1.0),A,MP,TOUR,2017,656000,,N,,,,
SPC:DF_TOURISM_ARRIVALS(1.0),A,MP,TOUR,2018,517000,,N,,,,
SPC:DF_TOURISM_ARRIVALS(1.0),A,MP,TOUR,2019,484000,,N,,,,
SPC:DF_TOURISM_ARRIVALS(1.0),A,MP,TOUR,2020,87000,,N,,,,
SPC:DF_TOURISM_ARRIVALS(1.0),A,MP,TOUR,2021,12200,,N,,,,
SPC:DF_TOURISM_ARRIVALS(1.0),A,MP,TOUR,2022,96100,,N,,,,
SPC:DF_TOURISM_ARRIVALS(1.0),A,AS,TOUR,1995,34000,,N,,,,
SPC:DF_TOURISM_ARRIVALS(1.0),A,AS,TOUR,1996,35000,,N,,,,
SPC:DF_TOURISM_ARRIVALS(1.0),A,AS,TOUR,1997,26000,,N,,,,
SPC:DF_TOURISM_ARRIVALS(1.0),A,AS,TOUR,1998,36000,,N,,,,
SPC:DF_TOURISM_ARRIVALS(1.0),A,AS,TOUR,1999,41000,,N,,,,
SPC:DF_TOURISM_ARRIVALS(1.0),A,AS,TOUR,2000,44000,,N,,,,
SPC:DF_TOURISM_ARRIVALS(1.0),A,AS,TOUR,2001,36000,,N,,,,
SPC:DF_TOURISM_ARRIVALS(1.0),A,AS,TOUR,2005,24500,,N,,,,
SPC:DF_TOURISM_ARRIVALS(1.0),A,AS,TOUR,2006,25300,,N,,,,
SPC:DF_TOURISM_ARRIVALS(1.0),A,AS,TOUR,2007,24100,,N,,,,
SPC:DF_TOURISM_ARRIVALS(1.0),A,AS,TOUR,2008,24300,,N,,,,
SPC:DF_TOURISM_ARRIVALS(1.0),A,AS,TOUR,2009,23500,,N,,,,
SPC:DF_TOURISM_ARRIVALS(1.0),A,AS,TOUR,2010,23100,,N,,,,
SPC:DF_TOURISM_ARRIVALS(1.0),A,AS,TOUR,2011,22600,,N,,,,
SPC:DF_TOURISM_ARRIVALS(1.0),A,AS,TOUR,2012,22600,,N,,,,
SPC:DF_TOURISM_ARRIVALS(1.0),A,AS,TOUR,2013,20800,,N,,,,
SPC:DF_TOURISM_ARRIVALS(1.0),A,AS,TOUR,2014,21600,,N,,,,
SPC:DF_TOURISM_ARRIVALS(1.0),A,AS,TOUR,2015,20300,,N,,,,
SPC:DF_TOURISM_ARRIVALS(1.0),A,AS,TOUR,2016,20100,,N,,,,
SPC:DF_TOURISM_ARRIVALS(1.0),A,AS,TOUR,2017,20000,,N,,,,
SPC:DF_TOURISM_ARRIVALS(1.0),A,AS,TOUR,2018,20200,,N,,,,
SPC:DF_TOURISM_ARRIVALS(1.0),A,AS,TOUR,2019,19200,,N,,,,
SPC:DF_TOURISM_ARRIVALS(1.0),A,AS,TOUR,2020,900,,N,,,,
SPC:DF_TOURISM_ARRIVALS(1.0),A,PF,TOUR,1995,172000,,N,,,,
SPC:DF_TOURISM_ARRIVALS(1.0),A,PF,TOUR,1996,164000,,N,,,,
SPC:DF_TOURISM_ARRIVALS(1.0),A,PF,TOUR,1997,180000,,N,,,,
SPC:DF_TOURISM_ARRIVALS(1.0),A,PF,TOUR,1998,189000,,N,,,,
SPC:DF_TOURISM_ARRIVALS(1.0),A,PF,TOUR,1999,211000,,N,,,,
SPC:DF_TOURISM_ARRIVALS(1.0),A,PF,TOUR,2000,252000,,N,,,,
SPC:DF_TOURISM_ARRIVALS(1.0),A,PF,TOUR,2001,228000,,N,,,,
SPC:DF_TOURISM_ARRIVALS(1.0),A,PF,TOUR,2002,189000,,N,,,,
SPC:DF_TOURISM_ARRIVALS(1.0),A,PF,TOUR,2003,213000,,N,,,,
SPC:DF_TOURISM_ARRIVALS(1.0),A,PF,TOUR,2004,212000,,N,,,,
SPC:DF_TOURISM_ARRIVALS(1.0),A,PF,TOUR,2005,208000,,N,,,,
SPC:DF_TOURISM_ARRIVALS(1.0),A,PF,TOUR,2006,222000,,N,,,,
SPC:DF_TOURISM_ARRIVALS(1.0),A,PF,TOUR,2007,218000,,N,,,,
SPC:DF_TOURISM_ARRIVALS(1.0),A,PF,TOUR,2008,196000,,N,,,,
SPC:DF_TOURISM_ARRIVALS(1.0),A,PF,TOUR,2009,160000,,N,,,,
SPC:DF_TOURISM_ARRIVALS(1.0),A,PF,TOUR,2010,154000,,N,,,,
SPC:DF_TOURISM_ARRIVALS(1.0),A,PF,TOUR,2011,163000,,N,,,,
SPC:DF_TOURISM_ARRIVALS(1.0),A,PF,TOUR,2012,169000,,N,,,,
SPC:DF_TOURISM_ARRIVALS(1.0),A,PF,TOUR,2013,164000,,N,,,,
SPC:DF_TOURISM_ARRIVALS(1.0),A,PF,TOUR,2014,181000,,N,,,,
SPC:DF_TOURISM_ARRIVALS(1.0),A,PF,TOUR,2015,184000,,N,,,,
SPC:DF_TOURISM_ARRIVALS(1.0),A,PF,TOUR,2016,192000,,N,,,,
SPC:DF_TOURISM_ARRIVALS(1.0),A,PF,TOUR,2017,199000,,N,,,,
SPC:DF_TOURISM_ARRIVALS(1.0),A,PF,TOUR,2018,216300,,N,,,,
SPC:DF_TOURISM_ARRIVALS(1.0),A,PF,TOUR,2019,237000,,N,,,,
SPC:DF_TOURISM_ARRIVALS(1.0),A,PF,TOUR,2020,77000,,N,,,,
SPC:DF_TOURISM_ARRIVALS(1.0),A,PF,TOUR,2021,83000,,N,,,,
SPC:DF_TOURISM_ARRIVALS(1.0),A,PF,TOUR,2022,218800,,N,,,,
SPC:DF_TOURISM_ARRIVALS(1.0),A,NU,TOUR,1995,2200,,N,,,,
SPC:DF_TOURISM_ARRIVALS(1.0),A,NU,TOUR,1996,1500,,N,,,,
SPC:DF_TOURISM_ARRIVALS(1.0),A,NU,TOUR,1997,1800,,N,,,,
SPC:DF_TOURISM_ARRIVALS(1.0),A,NU,TOUR,1998,1700,,N,,,,
SPC:DF_TOURISM_ARRIVALS(1.0),A,NU,TOUR,1999,1900,,N,,,,
SPC:DF_TOURISM_ARRIVALS(1.0),A,NU,TOUR,2000,1900,,N,,,,
SPC:DF_TOURISM_ARRIVALS(1.0),A,NU,TOUR,2001,1400,,N,,,,
SPC:DF_TOURISM_ARRIVALS(1.0),A,NU,TOUR,2002,2100,,N,,,,
SPC:DF_TOURISM_ARRIVALS(1.0),A,NU,TOUR,2003,2700,,N,,,,
SPC:DF_TOURISM_ARRIVALS(1.0),A,NU,TOUR,2004,2600,,N,,,,
SPC:DF_TOURISM_ARRIVALS(1.0),A,NU,TOUR,2005,2800,,N,,,,
SPC:DF_TOURISM_ARRIVALS(1.0),A,NU,TOUR,2006,3000,,N,,,,
SPC:DF_TOURISM_ARRIVALS(1.0),A,NU,TOUR,2007,3500,,N,,,,
SPC:DF_TOURISM_ARRIVALS(1.0),A,NU,TOUR,2008,4700,,N,,,,
SPC:DF_TOURISM_ARRIVALS(1.0),A,NU,TOUR,2009,4700,,N,,,,
SPC:DF_TOURISM_ARRIVALS(1.0),A,NU,TOUR,2010,6200,,N,,,,
SPC:DF_TOURISM_ARRIVALS(1.0),A,NU,TOUR,2011,6100,,N,,,,
SPC:DF_TOURISM_ARRIVALS(1.0),A,NU,TOUR,2012,5000,,N,,,,
SPC:DF_TOURISM_ARRIVALS(1.0),A,NU,TOUR,2013,7000,,N,,,,
SPC:DF_TOURISM_ARRIVALS(1.0),A,NU,TOUR,2014,7400,,N,,,,
SPC:DF_TOURISM_ARRIVALS(1.0),A,NU,TOUR,2015,7700,,N,,,,
SPC:DF_TOURISM_ARRIVALS(1.0),A,NU,TOUR,2016,8900,,N,,,,
SPC:DF_TOURISM_ARRIVALS(1.0),A,NU,TOUR,2017,9800,,N,,,,
SPC:DF_TOURISM_ARRIVALS(1.0),A,NU,TOUR,2018,10500,,N,,,,
SPC:DF_TOURISM_ARRIVALS(1.0),A,NU,TOUR,2019,10200,,N,,,,
SPC:DF_TOURISM_ARRIVALS(1.0),A,NU,TOUR,2020,1300,,N,,,,
SPC:DF_TOURISM_ARRIVALS(1.0),A,NU,TOUR,2021,200,,N,,,,
SPC:DF_TOURISM_ARRIVALS(1.0),A,WS,TOUR,1995,68000,,N,,,,
SPC:DF_TOURISM_ARRIVALS(1.0),A,WS,TOUR,1996,73000,,N,,,,
SPC:DF_TOURISM_ARRIVALS(1.0),A,WS,TOUR,1997,68000,,N,,,,
SPC:DF_TOURISM_ARRIVALS(1.0),A,WS,TOUR,1998,78000,,N,,,,
SPC:DF_TOURISM_ARRIVALS(1.0),A,WS,TOUR,1999,85000,,N,,,,
SPC:DF_TOURISM_ARRIVALS(1.0),A,WS,TOUR,2000,88000,,N,,,,
SPC:DF_TOURISM_ARRIVALS(1.0),A,WS,TOUR,2001,88000,,N,,,,
SPC:DF_TOURISM_ARRIVALS(1.0),A,WS,TOUR,2002,89000,,N,,,,
SPC:DF_TOURISM_ARRIVALS(1.0),A,WS,TOUR,2003,92000,,N,,,,
SPC:DF_TOURISM_ARRIVALS(1.0),A,WS,TOUR,2004,98000,,N,,,,
SPC:DF_TOURISM_ARRIVALS(1.0),A,WS,TOUR,2005,102000,,N,,,,
SPC:DF_TOURISM_ARRIVALS(1.0),A,WS,TOUR,2006,110000,,N,,,,
SPC:DF_TOURISM_ARRIVALS(1.0),A,WS,TOUR,2007,117000,,N,,,,
SPC:DF_TOURISM_ARRIVALS(1.0),A,WS,TOUR,2008,118000,,N,,,,
SPC:DF_TOURISM_ARRIVALS(1.0),A,WS,TOUR,2009,122000,,N,,,,
SPC:DF_TOURISM_ARRIVALS(1.0),A,WS,TOUR,2010,122000,,N,,,,
SPC:DF_TOURISM_ARRIVALS(1.0),A,WS,TOUR,2011,121000,,N,,,,
SPC:DF_TOURISM_ARRIVALS(1.0),A,WS,TOUR,2012,126000,,N,,,,
SPC:DF_TOURISM_ARRIVALS(1.0),A,WS,TOUR,2013,116000,,N,,,,
SPC:DF_TOURISM_ARRIVALS(1.0),A,WS,TOUR,2014,120400,,N,,,,
SPC:DF_TOURISM_ARRIVALS(1.0),A,WS,TOUR,2015,128000,,N,,,,
SPC:DF_TOURISM_ARRIVALS(1.0),A,WS,TOUR,2016,134000,,N,,,,
SPC:DF_TOURISM_ARRIVALS(1.0),A,WS,TOUR,2017,146000,,N,,,,
SPC:DF_TOURISM_ARRIVALS(1.0),A,WS,TOUR,2018,164000,,N,,,,
SPC:DF_TOURISM_ARRIVALS(1.0),A,WS,TOUR,2019,172000,,N,,,,
SPC:DF_TOURISM_ARRIVALS(1.0),A,WS,TOUR,2020,23100,,N,,,,
SPC:DF_TOURISM_ARRIVALS(1.0),A,WS,TOUR,2021,2600,,N,,,,
SPC:DF_TOURISM_ARRIVALS(1.0),A,WS,TOUR,2022,49400,,N,,,,
SPC:DF_TOURISM_ARRIVALS(1.0),A,TO,TOUR,1995,29000,,N,,,,
SPC:DF_TOURISM_ARRIVALS(1.0),A,TO,TOUR,1996,27000,,N,,,,
SPC:DF_TOURISM_ARRIVALS(1.0),A,TO,TOUR,1997,26000,,N,,,,
SPC:DF_TOURISM_ARRIVALS(1.0),A,TO,TOUR,1998,27000,,N,,,,
SPC:DF_TOURISM_ARRIVALS(1.0),A,TO,TOUR,1999,31000,,N,,,,
SPC:DF_TOURISM_ARRIVALS(1.0),A,TO,TOUR,2000,35000,,N,,,,
SPC:DF_TOURISM_ARRIVALS(1.0),A,TO,TOUR,2001,32000,,N,,,,
SPC:DF_TOURISM_ARRIVALS(1.0),A,TO,TOUR,2002,37000,,N,,,,
SPC:DF_TOURISM_ARRIVALS(1.0),A,TO,TOUR,2003,40000,,N,,,,
SPC:DF_TOURISM_ARRIVALS(1.0),A,TO,TOUR,2004,41000,,N,,,,
SPC:DF_TOURISM_ARRIVALS(1.0),A,TO,TOUR,2005,42000,,N,,,,
SPC:DF_TOURISM_ARRIVALS(1.0),A,TO,TOUR,2006,39000,,N,,,,
SPC:DF_TOURISM_ARRIVALS(1.0),A,TO,TOUR,2007,46000,,N,,,,
SPC:DF_TOURISM_ARRIVALS(1.0),A,TO,TOUR,2008,50000,,N,,,,
SPC:DF_TOURISM_ARRIVALS(1.0),A,TO,TOUR,2009,45700,,N,,,,
SPC:DF_TOURISM_ARRIVALS(1.0),A,TO,TOUR,2010,47100,,N,,,,
SPC:DF_TOURISM_ARRIVALS(1.0),A,TO,TOUR,2011,46000,,N,,,,
SPC:DF_TOURISM_ARRIVALS(1.0),A,TO,TOUR,2012,47400,,N,,,,
SPC:DF_TOURISM_ARRIVALS(1.0),A,TO,TOUR,2013,48200,,N,,,,
SPC:DF_TOURISM_ARRIVALS(1.0),A,TO,TOUR,2014,50400,,N,,,,
SPC:DF_TOURISM_ARRIVALS(1.0),A,TO,TOUR,2015,53800,,N,,,,
SPC:DF_TOURISM_ARRIVALS(1.0),A,TO,TOUR,2016,59100,,N,,,,
SPC:DF_TOURISM_ARRIVALS(1.0),A,TO,TOUR,2017,62500,,N,,,,
SPC:DF_TOURISM_ARRIVALS(1.0),A,TO,TOUR,2018,54000,,N,,,,
SPC:DF_TOURISM_ARRIVALS(1.0),A,TO,TOUR,2019,67300,,N,,,,
SPC:DF_TOURISM_ARRIVALS(1.0),A,TO,TOUR,2020,9000,,N,,,,
SPC:DF_TOURISM_ARRIVALS(1.0),A,TO,TOUR,2021,200,,N,,,,
SPC:DF_TOURISM_ARRIVALS(1.0),A,TO,TOUR,2022,18400,,N,,,,
